adduser	3.118ubuntu2	624
adwaita-icon-theme	3.36.1-2ubuntu0.20.04.2	5135
apt	2.0.11	3992
base-files	11ubuntu5.8	387
base-passwd	3.5.47	229
bash	5.0-6ubuntu1.2	1688
bridge-utils	1.6-2ubuntu1	109
bsdutils	1:2.34-0.1ubuntu9.6	284
ca-certificates	20240203~20.04.1	399
containerd	1.7.24-0ubuntu1~20.04.2	105414
coreutils	8.30-3ubuntu2	6480
cpp	4:9.3.0-1ubuntu2	64
cpp-9	9.4.0-1ubuntu1~20.04.2	19219
curl	7.68.0-1ubuntu2.25	396
dash	0.5.10.2-6	220
dbus	1.12.16-2ubuntu2.3	575
dbus-user-session	1.12.16-2ubuntu2.3	127
dconf-gsettings-backend	0.36.0-1	78
dconf-service	0.36.0-1	110
debconf	1.5.73	520
debianutils	4.9.1	217
device-tree-compiler	1.5.1-1	446
diffutils	1:3.7-3	496
docker.io	26.1.3-0ubuntu1~20.04.1	96583
dpkg	1.19.7ubuntu3.2	6697
e2fsprogs	1.45.5-2ubuntu1.2	1411
fdisk	2.34-0.1ubuntu9.6	486
ffmpeg	7:4.2.7-nvidia	51137
findutils	4.7.0-1ubuntu1	648
fontconfig	2.13.1-2ubuntu3	333
fontconfig-config	2.13.1-2ubuntu3	170
fonts-dejavu-core	2.37-1	2954
gcc-10-base	10.5.0-1ubuntu1~20.04	271
gcc-9-base	9.4.0-1ubuntu1~20.04.2	265
gdisk	1.0.5-1	804
glib-networking	2.64.2-1ubuntu0.1	187
glib-networking-common	2.64.2-1ubuntu0.1	52
glib-networking-services	2.64.2-1ubuntu0.1	47
gpgv	2.2.19-3ubuntu2.5	483
grep	3.4-1	472
gsettings-desktop-schemas	3.36.0-1ubuntu1	284
gstreamer1.0-alsa	1.16.3-0ubuntu1.4	205
gstreamer1.0-plugins-bad	1.16.3-0ubuntu1.1	6427
gstreamer1.0-plugins-base	1.16.3-0ubuntu1.4	2092
gstreamer1.0-plugins-good	1.16.3-0ubuntu1.3	5708
gstreamer1.0-tools	1.16.3-0ubuntu1.2	1244
gtk-update-icon-cache	3.24.20-0ubuntu1.2	146
gzip	1.10-0ubuntu4.1	244
hicolor-icon-theme	0.17-2	440
hostname	3.23	46
humanity-icon-theme	0.6.15	20754
i2c-tools	4.1-2build2	272
init-system-helpers	1.57	133
iproute2	5.5.0-1ubuntu1	2680
iptables	1.8.4-3ubuntu2.1	2100
iputils-ping	3:20190709-3ubuntu1	101
isc-dhcp-client	4.4.1-2.1ubuntu5.20.04.5	731
iso-codes	4.4-1	19553
iw	5.4-1	275
jetson-gpio-common	2.1.9ubuntu1	59
keyboard-configuration	1.194ubuntu3	827
kmod	27-1ubuntu2.1	247
less	551-1ubuntu0.3	297
libaa1	1.4p5-46	146
libacl1	2.2.53-6	65
libaom0	1.0.0.errata1-3+deb11u1ubuntu0.1	2315
libapparmor1	2.13.3-7ubuntu5.4	161
libapt-pkg6.0	2.0.11	3136
libargon2-1	0~20171227-0.2	51
libasn1-8-heimdal	7.7.0+dfsg-1ubuntu1.4	733
libasound2	1.2.2-2.1ubuntu2.5	1098
libasound2-data	1.2.2-2.1ubuntu2.5	215
libass9	1:0.14.0-2	167
libasyncns0	0.8-6	39
libatk-bridge2.0-0	2.34.2-0ubuntu2~20.04.1	230
libatk1.0-0	2.35.1-1ubuntu2	199
libatk1.0-data	2.35.1-1ubuntu2	44
libatspi2.0-0	2.36.0-2	235
libattr1	1:2.4.48-5	52
libaudit-common	1:2.8.5-2ubuntu6	24
libaudit1	1:2.8.5-2ubuntu6	148
libavahi-client3	0.7-4ubuntu7.3	125
libavahi-common-data	0.7-4ubuntu7.3	112
libavahi-common3	0.7-4ubuntu7.3	110
libavc1394-0	0.5.4-5	53
libavcodec58	7:4.2.7-0ubuntu0.1	11725
libavutil56	7:4.2.7-0ubuntu0.1	649
libblkid1	2.34-0.1ubuntu9.6	439
libbluray2	1:1.2.0-1	344
libbrotli1	1.0.7-6ubuntu0.1	694
libbs2b0	3.1.0+dfsg-2.2build1	36
libbsd0	0.10.0-1	191
libbz2-1.0	1.0.8-2	94
libc-bin	2.31-0ubuntu9.18	3187
libc6	2.31-0ubuntu9.18	10469
libcaca0	0.99.beta19-2.1ubuntu1.20.04.2	1025
libcairo-gobject2	1.16.0-4ubuntu1	94
libcairo2	1.16.0-4ubuntu1	1250
libcap-ng0	0.7.9-2.1build1	37
libcap2	1:2.32-1ubuntu0.2	53
libcap2-bin	1:2.32-1ubuntu0.2	101
libcbor0.6	0.6.0-0ubuntu1	78
libcdio-cdda2	10.2+2.0.0-1	51
libcdio-paranoia2	10.2+2.0.0-1	50
libcdio18	2.0.0-2ubuntu0.2	307
libcdparanoia0	3.10.2+debian-13	118
libchromaprint1	1.4.3-3build1	94
libcodec2-0.9	0.9.2-2	14180
libcolord2	1.4.4-2	600
libcom-err2	1.45.5-2ubuntu1.2	92
libcrypt1	1:4.4.10-10ubuntu4	221
libcryptsetup12	2:2.2.2-3ubuntu2.5	479
libcups2	2.3.1-9ubuntu1.9	753
libcurl3-gnutls	7.68.0-1ubuntu2.25	643
libcurl4	7.68.0-1ubuntu2.25	651
libdatrie1	0.2.12-3	57
libdb5.3	5.3.28+dfsg1-0.6ubuntu2	1613
libdbus-1-3	1.12.16-2ubuntu2.3	466
libdc1394-22	2.2.5-2.1	233
libdc1394-25	2.2.6-1	233
libdca0	0.0.6-1	181
libdconf1	0.36.0-1	102
libde265-0	1.0.4-1ubuntu0.4	557
libdebconfclient0	0.251ubuntu1	69
libdevmapper1.02.1	2:1.02.167-1ubuntu1	492
libdns-export1109	1:9.11.16+dfsg-3~ubuntu1	2123
libdrm-amdgpu1	2.4.107-8ubuntu1~20.04.2	80
libdrm-common	2.4.107-8ubuntu1~20.04.2	45
libdrm-nouveau2	2.4.107-8ubuntu1~20.04.2	74
libdrm-radeon1	2.4.107-8ubuntu1~20.04.2	83
libdrm2	2.4.107-8ubuntu1~20.04.2	124
libdv4	1.0.0-12	143
libdvdnav4	6.0.1-1build1	116
libdvdread7	6.1.0+really6.0.2-1	143
libedit2	3.1-20191231-1	242
libegl-mesa0	21.2.6-0ubuntu0.1~20.04.2	332
libegl1	1.3.2-1~ubuntu0.20.04.2	108
libegl1-mesa	21.2.6-0ubuntu0.1~20.04.2	70
libelf1	0.176-1.1ubuntu0.1	188
libepoxy0	1.5.4-1	1448
libevdev2	1.9.0+dfsg-1ubuntu0.2	131
libexpat1	2.2.9-1ubuntu0.8	355
libext2fs2	1.45.5-2ubuntu1.2	536
libfaad2	2.9.1-1ubuntu0.1	497
libfdisk1	2.34-0.1ubuntu9.6	549
libfdt1	1.5.1-1	58
libffi6	3.2.1-8	51
libffi7	3.3-4	57
libfftw3-double3	3.3.8-2ubuntu1	830
libfido2-1	1.3.1-1ubuntu2	160
libflac8	1.3.3-1ubuntu0.2	245
libflite1	2.1-release-3	26566
libfluidsynth2	2.1.1-2	502
libfontconfig1	2.13.1-2ubuntu3	313
libfontenc1	1:1.1.4-0ubuntu1	42
libfreetype6	2.10.1-2ubuntu0.4	777
libfribidi0	1.0.8-2ubuntu0.1	135
libgbm1	21.2.6-0ubuntu0.1~20.04.2	139
libgcc-s1	10.5.0-1ubuntu1~20.04	95
libgcrypt20	1.8.5-5ubuntu1.1	835
libgdbm-compat4	1.18.1-5	40
libgdbm6	1.18.1-5	82
libgdk-pixbuf2.0-0	2.40.0+dfsg-3ubuntu0.5	540
libgdk-pixbuf2.0-common	2.40.0+dfsg-3ubuntu0.5	52
libgif7	5.1.9-1ubuntu0.1	68
libgl1	1.3.2-1~ubuntu0.20.04.2	1041
libgl1-mesa-dri	21.2.6-0ubuntu0.1~20.04.2	893647
libglapi-mesa	21.2.6-0ubuntu0.1~20.04.2	501
libgles2	1.3.2-1~ubuntu0.20.04.2	182
libglib2.0-0	2.64.6-1~ubuntu20.04.9	4046
libglvnd0	1.3.2-1~ubuntu0.20.04.2	1509
libglx-mesa0	21.2.6-0ubuntu0.1~20.04.2	623
libglx0	1.3.2-1~ubuntu0.20.04.2	159
libgme0	0.6.2-1build1	289
libgmp10	2:6.2.0+dfsg-4ubuntu0.1	523
libgnutls30	3.6.13-2ubuntu1.12	2236
libgomp1	10.5.0-1ubuntu1~20.04	274
libgpg-error0	1.37-1	168
libgpm2	1.20.7-5	59
libgraphite2-3	1.3.13-11build1	163
libgsm1	1.0.18-2	67
libgssapi-krb5-2	1.17-6ubuntu4.11	412
libgssapi3-heimdal	7.7.0+dfsg-1ubuntu1.4	305
libgssdp-1.2-0	1.2.3-0ubuntu0.20.04.1	111
libgstreamer-plugins-bad1.0-0	1.16.3-0ubuntu1.1	1035
libgstreamer-plugins-base1.0-0	1.16.3-0ubuntu1.4	2464
libgstreamer-plugins-good1.0-0	1.16.3-0ubuntu1.3	200
libgstreamer1.0-0	1.16.3-0ubuntu1.2	3860
libgtk-3-0	3.24.20-0ubuntu1.2	9816
libgtk-3-common	3.24.20-0ubuntu1.2	420
libgudev-1.0-0	1:233-1	60
libgupnp-1.2-0	1.2.4-0ubuntu1	244
libgupnp-igd-1.0-4	0.2.5-5	51
libharfbuzz0b	2.6.4-1ubuntu4.3	988
libhcrypto4-heimdal	7.7.0+dfsg-1ubuntu1.4	275
libheimbase1-heimdal	7.7.0+dfsg-1ubuntu1.4	105
libheimntlm0-heimdal	7.7.0+dfsg-1ubuntu1.4	82
libhogweed5	3.5.1+really3.5.1-2ubuntu0.2	237
libhx509-5-heimdal	7.7.0+dfsg-1ubuntu1.4	349
libi2c0	4.1-2build2	28
libice6	2:1.0.10-0ubuntu1	108
libicu66	66.1-2ubuntu2.1	32597
libid3tag0	0.15.1b-14	141
libidn2-0	2.2.0-2	208
libiec61883-0	1.2.0-3	74
libilmbase24	2.3.0-6build1	523
libimlib2	1.6.1-1ubuntu0.1	559
libinput-bin	1.15.5-1ubuntu0.3	110
libinput10	1.15.5-1ubuntu0.3	312
libinstpatch-1.0-2	1.1.2-2build1	816
libip4tc2	1.8.4-3ubuntu2.1	78
libip6tc2	1.8.4-3ubuntu2.1	78
libisc-export1105	1:9.11.16+dfsg-3~ubuntu1	497
libisl22	0.22.1-1	1946
libjack-jackd2-0	1.9.12~dfsg-2ubuntu2	1098
libjbig0	2.1-3.1ubuntu0.20.04.1	69
libjpeg-turbo8	2.0.3-0ubuntu1.20.04.3	287
libjpeg8	8c-2ubuntu8	26
libjson-c4	0.13.1+dfsg-7ubuntu0.3	88
libjson-glib-1.0-0	1.4.4-2ubuntu2	190
libjson-glib-1.0-common	1.4.4-2ubuntu2	40
libk5crypto3	1.17-6ubuntu4.11	293
libkate1	0.4.1-11build1	104
libkeyutils1	1.6-6ubuntu1.1	42
libkmod2	27-1ubuntu2.1	133
libkrb5-26-heimdal	7.7.0+dfsg-1ubuntu1.4	645
libkrb5-3	1.17-6ubuntu4.11	1095
libkrb5support0	1.17-6ubuntu4.11	165
liblcms2-2	2.9-4	377
libldap-2.4-2	2.4.49+dfsg-2ubuntu1.10	507
libldap-common	2.4.49+dfsg-2ubuntu1.10	102
liblilv-0-0	0.24.6-1ubuntu0.1	126
libllvm12	1:12.0.0-3ubuntu1~20.04.5	81948
liblocale-gettext-perl	1.07-4	54
liblz4-1	1.9.2-2ubuntu0.20.04.1	140
liblzma5	5.2.4-1ubuntu1.1	251
liblzo2-2	2.10-2	150
libmjpegutils-2.1-0	1:2.1.0+debian-6build1	69
libmms0	0.6.4-3	74
libmnl0	1.0.4-2	42
libmodplug1	1:0.8.9.0-2build1	307
libmount1	2.34-0.1ubuntu9.6	478
libmp3lame0	3.100-3	301
libmpc3	1.1.0-1	109
libmpcdec6	2:0.1~r495-2	80
libmpdec2	2.4.2-3	235
libmpeg2encpp-2.1-0	1:2.1.0+debian-6build1	173
libmpfr6	4.0.2-1	1044
libmpg123-0	1.25.13-1ubuntu0.2	292
libmplex2-2.1-0	1:2.1.0+debian-6build1	129
libmtdev1	1.1.5-1.1	54
libmysofa1	1.0~dfsg0-1	109
libncurses6	6.2-0ubuntu2.1	308
libncursesw5	6.2-0ubuntu2.1	345
libncursesw6	6.2-0ubuntu2.1	392
libnetfilter-conntrack3	1.0.7-2	134
libnettle7	3.5.1+really3.5.1-2ubuntu0.2	384
libnfnetlink0	1.0.1-3build1	40
libnftnl11	1.1.5-1	216
libnghttp2-14	1.40.0-1ubuntu0.3	208
libnice10	0.1.16-1	362
libnl-3-200	3.4.0-1ubuntu0.1	176
libnl-genl-3-200	3.4.0-1ubuntu0.1	52
libnl-route-3-200	3.4.0-1ubuntu0.1	531
libnorm1	1.5.8+dfsg2-2build1	666
libnuma1	2.0.12-1	68
libnvidia-container-tools	1.10.0-1	67
libnvidia-container0	0.11.0+jetpack	163
libnvidia-container1	1.10.0-1	3086
libobrender32v5	3.6.1-9ubuntu0.20.04.1	127
libobt2v5	3.6.1-9ubuntu0.20.04.1	104
libofa0	0.9.3-21	155
libogg0	1.3.4-0ubuntu1	62
libopenal-data	1:1.19.1-1	206
libopenal1	1:1.19.1-1	930
libopenexr24	2.3.0-6ubuntu0.5	2974
libopenjp2-7	2.3.1-1ubuntu4.20.04.4	380
libopenmpt0	0.4.11-1build1	1528
libopus0	1.3.1-0ubuntu1	343
liborc-0.4-0	1:0.4.31-1ubuntu0.1	1050
libp11-kit0	0.23.20-1ubuntu0.1	1299
libpam-modules	1.3.1-5ubuntu4.7	941
libpam-modules-bin	1.3.1-5ubuntu4.7	290
libpam-runtime	1.3.1-5ubuntu4.7	304
libpam-systemd	245.4-4ubuntu3.24	627
libpam0g	1.3.1-5ubuntu4.7	219
libpango-1.0-0	1.44.7-2ubuntu4	409
libpangocairo-1.0-0	1.44.7-2ubuntu4	103
libpangoft2-1.0-0	1.44.7-2ubuntu4	133
libpangoxft-1.0-0	1.44.7-2ubuntu4	86
libparted2	3.3-4ubuntu0.20.04.1	445
libpciaccess0	0.16-0ubuntu1	57
libpcre2-8-0	10.34-7ubuntu0.1	524
libpcre3	2:8.39-12ubuntu0.1	601
libpcsclite1	1.8.26-3	71
libperl5.30	5.30.0-9ubuntu0.5	26565
libpgm-5.2-0	5.2.122~dfsg-3ubuntu1	313
libpixman-1-0	0.38.4-0ubuntu2.1	407
libpng16-16	1.6.37-2	328
libpopt0	1.16-14	120
libprocps8	2:3.3.16-1ubuntu2.4	123
libproxy1v5	0.4.15-10ubuntu1.2	140
libpsl5	0.21.0-1ubuntu1	87
libpulse0	1:13.99.1-1ubuntu3.13	928
libpython2-stdlib	2.7.17-2ubuntu4	38
libpython2.7-minimal	2.7.18-1~20.04.7	2785
libpython2.7-stdlib	2.7.18-1~20.04.7	8733
libpython3-stdlib	3.8.2-0ubuntu2	38
libpython3.8-minimal	3.8.10-0ubuntu1~20.04.18	4803
libpython3.8-stdlib	3.8.10-0ubuntu1~20.04.18	7658
libraw1394-11	2.1.2-1	80
libreadline8	8.0-4	428
librest-0.7-0	0.8.1-1	115
libroken18-heimdal	7.7.0+dfsg-1ubuntu1.4	137
librsvg2-2	2.48.9-1ubuntu0.20.04.4	8776
librsvg2-common	2.48.9-1ubuntu0.20.04.4	58
librtmp1	2.4+20151223.gitfa8646d.1-2build1	131
librubberband2	1.8.2-1build1	240
libsamplerate0	0.1.9-2	1468
libsasl2-2	2.1.27+dfsg-2ubuntu0.1	148
libsasl2-modules-db	2.1.27+dfsg-2ubuntu0.1	61
libsbc1	1.4-1	76
libsdl2-2.0-0	2.0.10+dfsg1-3	1289
libseccomp2	2.5.1-1ubuntu1~20.04.2	140
libselinux1	3.0-1build2	194
libsemanage-common	3.0-1build2	36
libsemanage1	3.0-1build2	289
libsensors-config	1:3.6.0-2ubuntu1.1	42
libsensors5	1:3.6.0-2ubuntu1.1	100
libsepol1	3.0-1ubuntu0.1	730
libserd-0-0	0.30.2-1	130
libshine3	3.1.1-2	55
libshout3	2.4.3-1	146
libslang2	2.3.2-4	1731
libsm6	2:1.2.3-1	47
libsmartcols1	2.34-0.1ubuntu9.6	342
libsnappy1v5	1.1.8-1build1	52
libsndfile1	1.0.28-7ubuntu0.3	495
libsndio7.0	1.5.0-3	74
libsodium23	1.0.18-1	278
libsord-0-0	0.16.4-1	56
libsoundtouch1	2.1.2+ds1-1build1	86
libsoup-gnome2.4-1	2.70.0-1ubuntu0.5	45
libsoup2.4-1	2.70.0-1ubuntu0.5	726
libsoxr0	0.1.3-2build1	149
libspandsp2	0.0.6+dfsg-2	819
libspeex1	1.2~rc1.2-1.1ubuntu1.20.04.1	113
libsqlite3-0	3.31.1-4ubuntu0.7	1300
libsratom-0-0	0.6.4-1	52
libsrt1	1.4.0-1build1	589
libsrtp2-1	2.3.0-2	155
libss2	1.45.5-2ubuntu1.2	104
libssh-4	0.9.3-2ubuntu2.5	479
libssl1.1	1.1.1f-1ubuntu2.24	3631
libstartup-notification0	0.12-6	63
libstdc++6	10.5.0-1ubuntu1~20.04	2392
libswresample3	7:4.2.7-0ubuntu0.1	169
libsystemd0	245.4-4ubuntu3.24	876
libtag1v5	1.11.1+dfsg.1-0.3ubuntu2	50
libtag1v5-vanilla	1.11.1+dfsg.1-0.3ubuntu2	1101
libtasn1-6	4.16.0-2ubuntu0.1	120
libthai-data	0.1.28-3	586
libthai0	0.1.28-3	91
libtheora0	1.1.1+dfsg.1-15ubuntu2	587
libtiff5	4.1.0+git191117-2ubuntu0.20.04.14	530
libtinfo5	6.2-0ubuntu2.1	514
libtinfo6	6.2-0ubuntu2.1	529
libtwolame0	0.4.0-2	139
libudev1	245.4-4ubuntu3.24	333
libunistring2	0.9.10-2	1549
libunwind8	1.2.1-9ubuntu0.1	172
libusb-1.0-0	2:1.0.23-2build1	132
libusrsctp1	0.9.3.0+20190901-1	801
libutempter0	1.1.6-4	42
libuuid1	2.34-0.1ubuntu9.6	118
libv4l-0	1.18.0-2build1	209
libv4l2rds0	1.18.0-2build1	112
libv4lconvert0	1.18.0-2build1	270
libva-drm2	2.7.0-2	40
libva-x11-2	2.7.0-2	52
libva2	2.7.0-2	182
libvdpau1	1.3-1ubuntu2	97
libvidstab1.1	1.1.0-2	84
libvisual-0.4-0	0.4.0-17	360
libvo-aacenc0	0.1.3-2	125
libvo-amrwbenc0	0.1.3-2	121
libvorbis0a	1.3.6-2ubuntu1	193
libvorbisenc2	1.3.6-2ubuntu1	663
libvorbisfile3	1.3.6-2ubuntu1	59
libvpx6	1.8.2-1ubuntu0.4	1826
libvulkan1	1.2.131.2-1	381
libwacom-common	1.3-2ubuntu3	722
libwacom2	1.3-2ubuntu3	62
libwavpack1	5.2.0-1ubuntu0.1	177
libwayland-client0	1.18.0-1ubuntu0.1	81
libwayland-cursor0	1.18.0-1ubuntu0.1	50
libwayland-egl1	1.18.0-1ubuntu0.1	25
libwayland-server0	1.18.0-1ubuntu0.1	103
libwebp6	0.6.1-2ubuntu0.20.04.3	339
libwebpmux3	0.6.1-2ubuntu0.20.04.3	54
libwebrtc-audio-processing1	0.3.1-0ubuntu3	636
libwildmidi2	0.4.3-1	154
libwind0-heimdal	7.7.0+dfsg-1ubuntu1.4	205
libwrap0	7.6.q-30	105
libx11-6	2:1.6.9-2ubuntu1.6	1346
libx11-data	2:1.6.9-2ubuntu1.6	1507
libx11-xcb1	2:1.6.9-2ubuntu1.6	77
libx264-155	2:0.155.2917+git0a84d98-2	1343
libx265-179	3.2.1-1build1	2853
libxau6	1:1.0.9-0ubuntu1	31
libxaw7	2:1.0.13-1	417
libxcb-dri2-0	1.14-2	41
libxcb-dri3-0	1.14-2	37
libxcb-glx0	1.14-2	145
libxcb-present0	1.14-2	31
libxcb-render0	1.14-2	86
libxcb-shm0	1.14-2	31
libxcb-sync1	1.14-2	50
libxcb-util1	0.4.0-0ubuntu3	56
libxcb-xfixes0	1.14-2	55
libxcb-xkb1	1.14-2	145
libxcb1	1.14-2	198
libxcomposite1	1:0.4.5-1	27
libxcursor1	1:1.2.0-2	59
libxdamage1	1:1.1.5-2	26
libxdmcp6	1:1.1.3-0ubuntu1	38
libxext6	2:1.3.4-0ubuntu1	106
libxfixes3	1:5.0.3-2	42
libxfont2	1:2.0.3-1	184
libxft2	2.3.3-0ubuntu1	106
libxi6	2:1.7.10-0ubuntu1	88
libxinerama1	2:1.1.4-2	29
libxkbcommon-x11-0	0.10.0-1	50
libxkbcommon0	0.10.0-1	273
libxkbfile1	1:1.1.0-1	166
libxml2	2.9.10+dfsg-5ubuntu0.20.04.10	1851
libxmu6	2:1.1.3-0ubuntu1	119
libxmuu1	2:1.1.3-0ubuntu1	37
libxpm4	1:3.5.12-1ubuntu0.20.04.2	86
libxrandr2	2:1.5.2-0ubuntu1	65
libxrender1	1:0.9.10-1	56
libxshmfence1	1.3-1	25
libxss1	1:1.2.3-1	32
libxt6	1:1.1.5-1	394
libxtables12	1.8.4-3ubuntu2.1	104
libxv1	2:1.0.11-1	36
libxvidcore4	2:1.3.7-1	464
libxxf86vm1	1:1.1.4-1build1	39
libyaml-0-2	0.2.2-1	128
libzbar0	0.23-1.3	256
libzmq5	4.3.2-2ubuntu1	659
libzstd1	1.4.4+dfsg-3ubuntu0.1	607
libzvbi-common	0.2.35-17	141
libzvbi0	0.2.35-17	660
locales	2.31-0ubuntu9.18	17196
login	1:4.8.1-1ubuntu5.20.04.5	908
logsave	1.45.5-2ubuntu1.2	92
lsb-base	11.1.0ubuntu2	58
mawk	1.3.4.20200120-2	225
mime-support	3.64ubuntu1	114
mount	2.34-0.1ubuntu9.6	406
mtd-utils	1:2.1.1-1ubuntu1	1142
nano	4.8-1ubuntu1.1	852
ncurses-base	6.2-0ubuntu2.1	381
ncurses-bin	6.2-0ubuntu2.1	606
netbase	6.1	43
nvidia-container	5.1.6-b5	194
nvidia-container-runtime	3.9.0-1	21
nvidia-container-toolkit	1.11.0~rc.1-1	9361
nvidia-docker2	2.11.0-1	27
nvidia-l4t-3d-core	35.6.4-20260126234748	160880
nvidia-l4t-apt-source	35.6.4-20260126234748	47
nvidia-l4t-bootloader	35.6.4-20260126234748	401992
nvidia-l4t-camera	35.6.4-20260126234748	21450
nvidia-l4t-configs	35.6.4-20260126234748	1522
nvidia-l4t-core	35.6.4-20260126234748	16935
nvidia-l4t-cuda	35.6.4-20260126234748	22807
nvidia-l4t-display-kernel	5.10.216-tegra-35.6.4-20260126234748	4101
nvidia-l4t-firmware	35.6.4-20260126234748	17204
nvidia-l4t-gbm	35.6.4-20260126234748	94
nvidia-l4t-graphics-demos	35.6.4-20260126234748	69633
nvidia-l4t-gstreamer	35.6.4-20260126234748	3819
nvidia-l4t-init	35.6.4-20260126234748	16805
nvidia-l4t-initrd	35.6.4-20260126234748	19680
nvidia-l4t-jetson-io	35.6.4-20260126234748	156
nvidia-l4t-kernel	5.10.216-tegra-35.6.4-20260126234748	294708
nvidia-l4t-kernel-dtbs	5.10.216-tegra-35.6.4-20260126234748	10663
nvidia-l4t-kernel-headers	5.10.216-tegra-35.6.4-20260126234748	71132
nvidia-l4t-libvulkan	35.6.4-20260126234748	604
nvidia-l4t-multimedia	35.6.4-20260126234748	28596
nvidia-l4t-multimedia-utils	35.6.4-20260126234748	722
nvidia-l4t-nvfancontrol	35.6.4-20260126234748	92
nvidia-l4t-nvpmodel	35.6.4-20260126234748	294
nvidia-l4t-nvsci	35.6.4-20260126234748	1024
nvidia-l4t-oem-config	35.6.4-20260126234748	131
nvidia-l4t-openwfd	35.6.4-20260126234748	252
nvidia-l4t-optee	35.6.4-20260126234748	9417
nvidia-l4t-pva	35.6.4-20260126234748	106
nvidia-l4t-tools	35.6.4-20260126234748	2695
nvidia-l4t-vulkan-sc	35.6.4-20260126234748	6943
nvidia-l4t-vulkan-sc-dev	35.6.4-20260126234748	19639
nvidia-l4t-vulkan-sc-samples	35.6.4-20260126234748	2237
nvidia-l4t-vulkan-sc-sdk	35.6.4-20260126234748	30348
nvidia-l4t-wayland	35.6.4-20260126234748	95
nvidia-l4t-weston	35.6.4-20260126234748	4766
nvidia-l4t-x11	35.6.4-20260126234748	246
nvidia-l4t-xusb-firmware	35.6.4-20260126234748	319
ocl-icd-libopencl1	2.2.11-1ubuntu1	105
openbox	3.6.1-9ubuntu0.20.04.1	1230
openssh-client	1:8.2p1-4ubuntu0.13	3978
openssh-server	1:8.2p1-4ubuntu0.13	1471
openssh-sftp-server	1:8.2p1-4ubuntu0.13	137
openssl	1.1.1f-1ubuntu2.24	1217
parted	3.3-4ubuntu0.20.04.1	159
passwd	1:4.8.1-1ubuntu5.20.04.5	2537
perl	5.30.0-9ubuntu0.5	746
perl-base	5.30.0-9ubuntu0.5	10416
perl-modules-5.30	5.30.0-9ubuntu0.5	17230
procps	2:3.3.16-1ubuntu2.4	803
python-is-python2	2.7.17-4	10
python2	2.7.17-2ubuntu4	136
python2-minimal	2.7.17-2ubuntu4	144
python2.7	2.7.18-1~20.04.7	383
python2.7-minimal	2.7.18-1~20.04.7	3683
python3	3.8.2-0ubuntu2	189
python3-jetson-gpio	2.1.9ubuntu1	123
python3-minimal	3.8.2-0ubuntu2	120
python3.8	3.8.10-0ubuntu1~20.04.18	511
python3.8-minimal	3.8.10-0ubuntu1~20.04.18	5231
readline-common	8.0-4	79
rfkill	2.34-0.1ubuntu9.6	137
runc	1.1.12-0ubuntu2~20.04.1	35930
sed	4.7-1	328
sensible-utils	0.0.12+nmu1	62
shared-mime-info	1.15-1	2648
sudo	1.8.31-1ubuntu1.5	2124
systemd	245.4-4ubuntu3.24	14696
systemd-sysv	245.4-4ubuntu3.24	179
systemd-timesyncd	245.4-4ubuntu3.24	237
sysvinit-utils	2.96-2.1ubuntu1	62
tar	1.30+dfsg-7ubuntu0.20.04.4	884
timgm6mb-soundfont	1.3-3	6071
tzdata	2025b-0ubuntu0.20.04.1	3995
ubuntu-keyring	2020.02.11.4	46
ubuntu-mono	19.04-0ubuntu3	5591
ucf	3.0038+nmu1	188
udev	245.4-4ubuntu3.24	9109
util-linux	2.34-0.1ubuntu9.6	4185
v4l-utils	1.18.0-2build1	2024
wireless-regdb	2026.05.30-0ubuntu1~20.04.1	38
wpasupplicant	2:2.9-1ubuntu4.6	3256
x11-common	1:7.7+19ubuntu14	313
x11-xkb-utils	7.7+5	458
x11-xserver-utils	7.7+8	485
xauth	1:1.1-0ubuntu1	73
xbitmaps	1.1.1-2	223
xinit	1.4.1-0ubuntu2	57
xkb-data	2.29-2	4020
xserver-common	2:1.20.13-1ubuntu1~20.04.20	242
xserver-xorg-core	2:1.20.13-1ubuntu1~20.04.20	3848
xserver-xorg-input-libinput	0.29.0-1	102
xterm	353-1ubuntu1.20.04.2	2250
xxd	2:8.1.2269-1ubuntu5.32	207
zlib1g	1:1.2.11.dfsg-2ubuntu1.5	160
